data_set_size,duration
100.0,3071.4825730000002
200.0,5412.345851200001
400.0,6654.544292599999
600.0,8872.353189200001
800.0,4510.450621200001
1000.0,34206.2609712
